Segment,Month 1,Month 2,Month 3,Average Forecast
Furniture,12691.392667755541,6772.162416580904,17201.015648007517,12221.523577447988
Technology,14033.343184899615,10437.986783603777,42639.48804101974,22370.27266984104
Office Supplies,14646.72465136328,12434.656284049954,19698.15552678147,15593.178820731568
West,14048.80088137203,11840.373160337718,25805.33639457388,17231.50347876121
East,9713.411357404586,8120.218592335497,15639.421337103282,11157.683762281122
