Model,MAE,RMSE,MAPE,Month 1 Forecast,Month 2 Forecast,Month 3 Forecast
SARIMA,13455.42421257206,15938.986007385352,0.22020377819003006,46782.47919115144,40285.47051760281,72234.20322987207
Prophet,10128.55598749901,14561.386189460962,0.143267097604971,42990.53220212094,31248.15992200324,81267.00777220097
XGBoost,9397.894297916668,12895.012140867731,0.1334294684045807,50282.7265625,,
